Type,Lifetime Post Total Reach
Link,18544.590909090908
Photo,13137.81455399061
Status,13078.888888888889
Video,51205.71428571428
